{
    "loss": 5.591342449188232,
    "accuracy": 0.5035971403121948
}