{
    "loss": 2.910107135772705,
    "accuracy": 0.7050359845161438
}