{
    "loss": 7.081570148468018,
    "accuracy": 0.5179855823516846
}