{
    "loss": 4.686352729797363,
    "accuracy": 0.5755395889282227
}